model,batch_size,training_time,time_per_epoch
MLP,32,377.23013710975647,75.4460274219513
MLP,64,222.53704476356506,44.507408952713014
MLP,128,159.65099167823792,31.93019833564758
MLP,256,123.69255805015564,24.73851161003113
CNN,32,1323.390992641449,264.6781985282898
CNN,64,1045.1790010929108,209.03580021858215
CNN,128,1009.7213976383209,201.94427952766418
CNN,256,1644.4331970214844,328.8866394042969
